{"cameraMode":{"drawMode":0,"name":"Shaded","section":"Shading Mode"},"sceneLighting":true,"audioPlay":false,"sceneViewState":{"showFog":true,"showMaterialUpdate":false,"showSkybox":true,"showFlares":true,"showImageEffects":true,"showParticleSystems":true},"in2DMode":false,"pivot":{"x":0.5575433969497681,"y":0.30154240131378176,"z":0.29136693477630618},"rotation":{"x":-0.27388566732406618,"y":-0.023687077686190606,"z":0.006662805564701557,"w":-0.9615025520324707},"size":26.978090286254884,"orthographic":true}