{"cameraMode":{"drawMode":0,"name":"Shaded","section":"Shading Mode"},"sceneLighting":true,"audioPlay":false,"sceneViewState":{"showFog":true,"showMaterialUpdate":false,"showSkybox":true,"showFlares":true,"showImageEffects":true,"showParticleSystems":true},"in2DMode":false,"pivot":{"x":6.342115879058838,"y":4.878600120544434,"z":-7.123114585876465},"rotation":{"x":0.010772697627544403,"y":0.9882776737213135,"z":-0.12671320140361787,"w":0.08591053634881973},"size":9.752129554748536,"orthographic":true}