{"cameraMode":{"drawMode":2,"name":"Shaded Wireframe","section":"Shading Mode"},"sceneLighting":false,"audioPlay":false,"sceneViewState":{"showFog":true,"showMaterialUpdate":false,"showSkybox":false,"showFlares":true,"showImageEffects":true,"showParticleSystems":true},"in2DMode":false,"pivot":{"x":-0.6681472063064575,"y":0.34913918375968935,"z":1.3465460538864136},"rotation":{"x":0.06375527381896973,"y":-0.9239197373390198,"z":0.17674005031585694,"w":0.3332902193069458},"size":3.3653528690338136,"orthographic":false}