{"cameraMode":{"drawMode":2,"name":"Shaded Wireframe","section":"Shading Mode"},"sceneLighting":false,"audioPlay":false,"sceneViewState":{"showFog":true,"showMaterialUpdate":false,"showSkybox":false,"showFlares":true,"showImageEffects":true,"showParticleSystems":true},"in2DMode":false,"pivot":{"x":-0.7236745357513428,"y":8.54327392578125,"z":-9.86628532409668},"rotation":{"x":0.37061607837677,"y":0.15658040344715119,"z":-0.06354101002216339,"w":0.913288950920105},"size":30.632434844970704,"orthographic":true}