{"cameraMode":{"drawMode":0,"name":"Shaded","section":"Shading Mode"},"sceneLighting":false,"audioPlay":false,"sceneViewState":{"showFog":true,"showMaterialUpdate":false,"showSkybox":false,"showFlares":true,"showImageEffects":true,"showParticleSystems":true},"in2DMode":false,"pivot":{"x":-2.256242275238037,"y":1.0523582696914673,"z":-5.269920349121094},"rotation":{"x":0.13182750344276429,"y":0.41268110275268557,"z":-0.06037311255931854,"w":0.899319052696228},"size":10.7130765914917,"orthographic":true}